,itr,T,N,beta,r,log_rank_greater,hc_greater,fisher_greater,min_p_greater,berk_jones_greater,wilcoxon_greater,log_rank_less,hc_less,fisher_less,min_p_less,berk_jones_less,wilcoxon_less
0,1,2000,1000,0.45,0.0,-0.9660264366362241,-0.2789549341960737,3882.3053862971583,6.63868036545472,3.6670963028293837,0.002316367867324784,-0.9660264366362241,3.7148601452816643,4019.9810413721916,9.821549083713336,3.804532695964865,6.068912854893788
1,1,2000,1000,0.45,0.09999999999999999,0.32704125173332194,7.336461454302588,4036.7615353667147,11.622770678759151,8.45775314882441,1.5396128674384228,0.32704125173332194,2.4703775771988443,3962.211384983689,8.708609599654482,5.363490836307564,0.24138913346806737
2,1,2000,1000,0.45,0.19999999999999998,3.193003462327058,2.2284861357713805,4144.567391421928,7.270280734094978,5.6288240362430875,32.52555320172746,3.193003462327058,1.5836948995605167,3886.3358000059293,9.053408865781051,4.264150147864531,7.438494264988577e-15
3,1,2000,1000,0.45,0.3,3.2317359630551907,3.578665306323502,4216.064631142274,8.512330360744258,8.067953442842873,24.876940894310412,3.2317359630551907,2.208847709037604,3996.0598752137475,7.068894188417755,3.7284489729850914,1.570654717410036e-11
4,1,2000,1000,0.45,0.39999999999999997,3.37084585107179,3.802660294808394,4208.758454165149,8.144684380720472,6.208087747584719,33.500661002134684,3.37084585107179,2.1303115176199636,3915.159644538996,9.128616467006168,3.9762921624538983,2.7755575615628953e-15
5,1,2000,1000,0.45,0.49999999999999994,4.750530634248366,6.673817956912405,4221.59737209038,11.440739005148364,7.042496847627616,54.82278859484753,4.750530634248366,0.8249611781778394,3908.654965069445,7.927616237074314,2.9780589867407654,-0.0
6,1,2000,1000,0.45,0.6,3.401573288920784,4.832136119610393,4184.248112428362,9.247265816666827,8.541446087832957,35.957356868826565,3.401573288920784,4.740229315478551,4058.0153364762746,10.796647951100116,3.61686269312865,2.220446049250313e-16
7,1,2000,1000,0.45,0.7,4.729952936681771,14.099083554384958,4334.956638976662,12.903105673556274,14.470727120961174,53.46228144734668,4.729952936681771,2.683111406232885,3980.6983214343036,8.313914829901702,4.017068283959474,-0.0
8,1,2000,1000,0.45,0.7999999999999999,5.506253960807745,5.416759125845174,4311.914452355051,10.218991350175385,9.975784398828276,73.55940840389,5.506253960807745,2.9515622390980902,3883.3187596360067,8.868677696789717,5.603046654888002,-0.0
9,1,2000,1000,0.45,0.8999999999999999,6.9972768721925185,22.171813873005004,4498.508630684857,12.039686974656,14.508620248372853,124.8974799700652,6.9972768721925185,3.109916500423352,4112.136741515717,9.235425009953486,6.460838139428842,-0.0
10,1,2000,1000,0.45,0.9999999999999999,7.380031424662881,27.677581948400185,4473.388878084418,12.972445963613792,14.508557790134807,127.43924123518013,7.380031424662881,2.4488516180174185,4047.6636746244353,6.652122944154126,4.805696893973313,-0.0
11,1,2000,1000,0.45,1.0999999999999999,6.43758724609614,26.560362385284893,4318.639295154984,11.376040279612456,14.508655235664374,116.70640988259392,6.43758724609614,1.4720712573382342,3906.226892024405,8.964703124646038,3.0013303663251847,-0.0
12,1,2000,1000,0.45,1.2,8.681633838410079,39.49487850391504,4446.908386574993,14.954525097655203,14.508567457830793,186.7641757917904,8.681633838410079,2.3835536767499907,3823.5814419628214,9.510026549509641,4.177800157638956,-0.0
13,1,2000,1000,0.5,0.0,0.48620653467664965,1.3919897967715322,3900.6954117757687,8.899589255749849,5.304799157229329,1.1761804203302095,0.48620653467664965,2.397534646079444,4144.978735291483,8.507594477211928,3.9761682027782066,0.36882656032971595
14,1,2000,1000,0.5,0.09999999999999999,1.6674200974227176,1.8463402982173722,3953.5298103926634,6.871190524816336,2.9897323254550923,8.306314736208957,1.6674200974227176,0.43190562359702567,3998.875356674725,7.089845274948187,3.14869556518509,0.00024698295118156247
15,1,2000,1000,0.5,0.19999999999999998,1.677903288293772,2.3037811853821766,3938.2176496107113,9.570462060347419,2.3970022417320296,8.5204381320383,1.677903288293772,0.7271722604928025,3923.7553846055234,8.301485041499115,2.4063041515007333,0.00019937193696546458
16,1,2000,1000,0.5,0.3,2.409929741553459,4.225075755816725,4120.18493079603,9.467866532270875,7.612616898069857,16.492956997382258,2.409929741553459,1.4949155658098146,3952.891728869086,7.216817410869043,3.692647826091901,6.873846039916469e-08
17,1,2000,1000,0.5,0.39999999999999997,0.7528398603631327,2.618319080225122,4065.0371888357586,7.608791640856339,4.69394831562079,5.489774656445734,0.7528398603631327,2.490372172573218,4134.858214733225,9.000259345372722,4.9163594721177395,0.004137321385082903
18,1,2000,1000,0.5,0.49999999999999994,4.6886806521362745,3.798163424313384,4266.566377472151,8.256075498831501,11.133927665742963,58.83114225008403,4.6886806521362745,1.265273235915222,3899.769211371751,6.900434408763533,3.8941185778728777,-0.0
19,1,2000,1000,0.5,0.6,3.6165488398014958,3.015937237268053,4269.467584344618,9.654345056427523,6.456249415984376,39.751173627594966,3.6165488398014958,1.3425541687605385,3930.7423048650166,7.663090021648743,2.3758168110049698,-0.0
20,1,2000,1000,0.5,0.7,3.4592121377081253,6.051547597101559,4176.441997521948,9.522115186002523,9.150102940779869,34.65676888512879,3.4592121377081253,3.377721732351667,3892.4429580944256,9.78198618690097,5.921544441603689,8.881784197001256e-16
21,1,2000,1000,0.5,0.7999999999999999,4.290829695886496,17.108440891815494,4129.884825436213,13.286842906972078,11.091343818985246,59.76350517029813,4.290829695886496,1.451058115957601,4026.3773333455565,8.057415011597392,2.3315801722075156,-0.0
22,1,2000,1000,0.5,0.8999999999999999,5.457092210200399,9.025921709054678,4237.647260012738,11.962680353812827,14.307379638779848,98.51096479545242,5.457092210200399,2.3187621661773954,4019.036612205721,8.609601754677556,3.7939834995023416,-0.0
23,1,2000,1000,0.5,0.9999999999999999,6.40158995047466,12.786070671022314,4378.8977406605145,10.619506708218212,14.508482907101886,110.41542890223668,6.40158995047466,2.0364918920700408,3971.080050778356,8.256101179829688,5.401399914821245,-0.0
24,1,2000,1000,0.5,1.0999999999999999,6.774343383166616,8.462717966995314,4312.810145088579,11.899595345182505,14.37942960077954,121.96593657496625,6.774343383166616,2.155123193203645,3909.5077074757705,7.790824546057314,3.6324165116233456,-0.0
25,1,2000,1000,0.5,1.2,6.6977202252214365,89.4028828888483,4298.345895729057,15.58556194670862,14.506999137950697,109.79718126645663,6.6977202252214365,15.97381344449335,3859.3751414650637,13.150594429389955,5.551505876040359,-0.0
26,1,2000,1000,0.6,0.0,-0.45064630668494826,1.1622688389017357,3924.8622165462366,8.7059805093171,4.405585958790301,0.12302375991919266,-0.45064630668494826,1.8900266748476615,4052.3607156668186,8.097311824948617,3.315502496958402,2.156259113103674
27,1,2000,1000,0.6,0.09999999999999999,0.8191277317061301,2.4373863544221925,4118.797058150414,7.378119902787824,4.049509681545571,5.805672633956407,0.8191277317061301,1.1354640088049834,3853.7299166638427,7.49119266247918,3.9132828122772803,0.003014969611668725
28,1,2000,1000,0.6,0.19999999999999998,0.6907098644660346,2.3554254356856115,4104.993574325861,7.928883766194856,4.394449698347826,2.0012530646301374,0.6907098644660346,1.5094700764022884,3945.1347870733007,7.578467857560653,4.814222234791945,0.1452174731814104
29,1,2000,1000,0.6,0.3,0.8836928387465348,2.0479401173159664,4086.1019869530624,8.632620269019196,3.606190864110992,3.1268423461219443,0.8836928387465348,1.5674916345065464,3994.713980219296,8.28416013976344,2.7871292214721373,0.044846813566191406
30,1,2000,1000,0.6,0.39999999999999997,-0.04564642061993029,2.6392500248182955,4006.9440934726517,9.198866564144076,3.299427553586494,0.4652852244986219,-0.04564642061993029,0.9930001851778635,3962.761282174615,8.327733622737453,3.765680819272198,0.9887430747693667
31,1,2000,1000,0.6,0.49999999999999994,1.0576034916556145,1.7900639127515796,4057.2466693858296,7.669367479003339,3.321936848083194,4.573507547878417,1.0576034916556145,2.990314440574729,4009.8189856220374,9.985011993244424,4.2568124579300655,0.010375330395861703
32,1,2000,1000,0.6,0.6,2.4784082822627806,3.2749150680541304,4079.6880869854886,7.534351444733714,6.665668953811616,25.533780062260334,2.4784082822627806,4.12565445542424,4142.660008525106,7.915080389024172,7.506088221996225,8.143707930263608e-12
33,1,2000,1000,0.6,0.7,1.134881979263451,2.9987477446816038,4103.664254539123,9.92910528611278,5.3099363949143585,5.234658851393798,1.134881979263451,1.873796053072145,3910.3724767577805,9.272923516169687,3.4996215109661444,0.005342889882534728
34,1,2000,1000,0.6,0.7999999999999999,1.695014594542863,3.371721322517404,4011.0517832807204,7.807500763198582,6.473861028551254,8.60133317483804,1.695014594542863,1.8573172569831928,3999.799550022929,6.995646809417617,3.3316325466894616,0.00018387741640993086
35,1,2000,1000,0.6,0.8999999999999999,2.6107400362997537,18.961797326894438,4208.060845157661,13.49129310900227,12.358319133481745,25.348374175085304,2.6107400362997537,1.3802710243209986,3843.423824724789,8.290097784921477,5.113894179252148,9.802603173673403e-12
36,1,2000,1000,0.6,0.9999999999999999,-0.20457974886882874,2.0077952424601646,3978.9596691972847,7.360417504980596,3.6003644082759823,0.7888008334760491,-0.20457974886882874,4.019387835828897,3986.9122487826407,10.49680240903306,3.6105990418922134,0.6058496660685199
37,1,2000,1000,0.6,1.0999999999999999,5.437211209704748,5.630092505910717,4330.9006499793295,10.073208538054846,11.400019118264204,77.33963223959285,5.437211209704748,3.1326170839225425,3938.7973561280514,8.463291713136185,5.90922731964222,-0.0
38,1,2000,1000,0.6,1.2,4.591472990842112,39.22508765551701,4236.557258183462,14.940833813259168,12.50094000299493,68.33415506519798,4.591472990842112,5.79256833400705,3867.98655357153,11.171145513214789,4.770333816028467,-0.0
39,1,2000,1000,0.7,0.0,-1.0377542264360606,1.9277571576622983,4041.0862077938846,7.100476665552514,3.4158569291882155,0.0028228744952600074,-1.0377542264360606,1.9356510209238222,3965.903453723296,6.9288725850664035,3.3325612070226263,5.871410693852151
40,1,2000,1000,0.7,0.09999999999999999,-2.3547510146185187,0.4816601635010433,3806.3979216215926,6.552661302487216,6.249345605528188,1.2686826042217264e-09,-2.3547510146185187,2.2659049978520924,4104.0983824129635,8.439801731094905,4.185262313162413,20.48528677801231
41,1,2000,1000,0.7,0.19999999999999998,1.7567756843741498,0.5931571344163052,4018.0997604551935,7.742198495982139,3.174458799877566,12.316435222303557,1.7567756843741498,1.4270993782196846,3927.3454647741332,7.566717016593689,3.6616797442378033,4.4775569518046935e-06
42,1,2000,1000,0.7,0.3,-0.1058225570511964,1.7009812342954989,4036.006595251976,7.889472384232179,2.7707941118740838,0.08443868591429395,-0.1058225570511964,4.458335603744857,3923.3283677898785,10.684210241800908,4.221376200617513,2.513651900269798
43,1,2000,1000,0.7,0.39999999999999997,-1.078384696854466,0.2625097805665552,3836.7471974155787,7.450052896943859,7.078167819770815,0.00870072516396511,-1.078384696854466,0.7793930178519192,4024.414593616711,6.946645919736654,2.5091481977096945,4.748696112923502
44,1,2000,1000,0.7,0.49999999999999994,0.9087219357624724,3.6568711912735363,4072.639848116997,10.329208796093873,6.040333465122588,3.44037901334473,0.9087219357624724,3.597937917748052,4180.175362668317,9.050208321740103,8.116300498830528,0.0325774645491718
45,1,2000,1000,0.7,0.6,0.2180502849101677,1.634910464598158,3945.5176631391864,8.65009629094093,4.686399168907253,0.6963178135636756,0.2180502849101677,2.3293694963321805,4077.8336510361205,9.074395246670678,4.3941010254369015,0.6899865687048432
46,1,2000,1000,0.7,0.7,0.2498077975192602,2.4213395349448192,4011.6243699833003,7.500583647589158,4.202148084828449,1.5587667903367484,0.2498077975192602,-0.14134852663331873,3933.869650998397,7.246626760299425,5.252188185552206,0.2362229308093391
47,1,2000,1000,0.7,0.7999999999999999,2.763057138245471,5.775277549759549,4163.957052890372,9.95562257256888,7.483807262129331,24.09755230332273,2.763057138245471,2.8801834192275395,3959.5996324956614,9.15372366422172,4.666073487334087,3.424249772679752e-11
48,1,2000,1000,0.7,0.8999999999999999,0.3661086577608908,4.89818783849936,4026.410893076655,8.975294030118834,6.2922976556958,1.922519511038368,0.3661086577608908,1.615965153263472,4057.1712782712207,8.067947384726635,3.641198035051919,0.15810287019359304
49,1,2000,1000,0.7,0.9999999999999999,1.7436115704096684,2.7159197475940857,4135.399162181986,9.139152500617735,5.467320108358565,8.043290729633544,1.7436115704096684,2.034397386174762,3971.3031666760244,7.51760494534784,3.7792884566961362,0.0003213016735739282
50,1,2000,1000,0.7,1.0999999999999999,2.3634156237182724,12.786967906412723,4101.11427999088,12.709873726664586,8.672546552345757,18.270260044946316,2.3634156237182724,1.9840595716240659,3904.6864834744283,9.203253823493633,3.531316077790634,1.1623231333905313e-08
51,1,2000,1000,0.7,1.2,3.16428894518095,3.5605981836181124,4097.145405825394,10.282538487358273,4.467400854100282,30.414373012114083,3.16428894518095,0.6600261372666119,3855.7632667828407,7.551406912998159,4.631076843480526,6.183942247162313e-14
52,1,2000,1000,0.8,0.0,-0.023376961572241322,0.27979882737848455,3902.676623550563,6.380115155427846,3.9342967323701625,0.6244007279122934,-0.023376961572241322,0.8014622676618369,3982.0253416772857,7.269892786539893,3.6697700602694234,0.7669708987168884
53,1,2000,1000,0.8,0.09999999999999999,-1.203331215276586,1.0396718184976013,3966.0066027601215,7.6590989334017,2.7330635895405635,0.0038258920255648025,-1.203331215276586,0.450041506148693,3948.9659933161342,8.047159797831789,2.760224918216829,5.567875965713835
54,1,2000,1000,0.8,0.19999999999999998,-1.0661025572240637,2.7266141026842012,3932.057015867398,8.434793912429468,3.353532241586849,0.00689894983903821,-1.0661025572240637,2.7354283776280552,4094.461743659253,8.217892956063999,5.522093023801552,4.9798335679770345
55,1,2000,1000,0.8,0.3,2.6326485592116335,1.241333671764336,4004.9253764974883,6.3837766785288235,6.739561854054996,15.443188547038133,2.6326485592116335,-0.4208640092555417,3744.819589552618,7.074642406127953,7.865028758897558,1.9638507261396388e-07
56,1,2000,1000,0.8,0.39999999999999997,1.1375941517426351,2.7438270790856722,4137.997414825131,9.461648684778266,6.0169050585859765,5.685440014897154,1.1375941517426351,1.4477925006757804,3855.650275127853,7.180033417667783,4.136234510577701,0.0034008152756209425
57,1,2000,1000,0.8,0.49999999999999994,0.2669194893727899,0.840247334182053,3926.3502337033156,6.630925279239657,3.193817788676318,0.9505006372977237,0.2669194893727899,0.37966124254751604,3854.2125336407757,6.136672792998845,6.428708117290247,0.48865236897444003
58,1,2000,1000,0.8,0.6,1.4764367111414607,40.30603316683454,4098.093060655682,14.99513443584811,7.393725994486113,9.49131072254786,1.4764367111414607,2.478926023760715,3971.032398007872,8.751200109454542,4.631343149835282,7.550792284856996e-05
59,1,2000,1000,0.8,0.7,0.40785913916902694,1.4690193366747362,4074.511705955057,7.0219835832599875,3.7112535993524283,2.788868109124066,0.40785913916902694,1.167378878206924,4052.3676112505364,7.692506784513386,4.163102166948419,0.06346259390125807
60,1,2000,1000,0.8,0.7999999999999999,1.7428938551154023,10.11259393713909,4098.196986815488,11.999268032209432,7.277462692001201,10.25136811520417,1.7428938551154023,2.4068544774137584,4050.3386013358054,7.355785612294478,4.4760634718449595,3.5309784173956e-05
61,1,2000,1000,0.8,0.8999999999999999,0.5904438023428278,0.22076322209729324,3967.8810217090463,7.497501365698532,2.833245379495692,1.949703743693742,0.5904438023428278,-0.06283658769418848,3928.699369273349,7.29010247274894,2.7013824274872897,0.15351981085880137
62,1,2000,1000,0.8,0.9999999999999999,1.7782178886269708,2.227962613397452,4122.852294603598,8.740483640591748,4.154136890702539,10.844402601674876,1.7782178886269708,2.7795751841802456,4012.6363269722056,7.522988964945272,5.356851972739426,1.951371815055585e-05
63,1,2000,1000,0.8,1.0999999999999999,0.14161198595225397,5.199439258491523,3978.5316536552973,10.968171351106651,3.902528106843294,1.5321609555961664,0.14161198595225397,1.714061164658902,3991.6825189933647,7.650209544955306,5.418741619948982,0.24343331417021288
64,1,2000,1000,0.8,1.2,-0.4373212071047617,3.504632419041167,4124.36032070071,10.050618033887872,4.210416864589088,0.7237084519815962,-0.4373212071047617,1.635458783887832,3908.5342481063617,7.327404094215291,5.263636600069551,0.6634922693770734
65,1,2000,1000,0.9,0.0,-0.33447842886397783,2.087011995588898,3997.537834379829,7.1872586866702175,3.7858128799975796,0.07590187283226173,-0.33447842886397783,2.494846410580818,4048.130769855011,8.497845175289664,4.036775709824185,2.6160248222317595
66,1,2000,1000,0.9,0.09999999999999999,0.1878234671081025,0.48177406098712894,3986.3831764625647,6.344553284096138,4.330406907890346,2.158841430433431,0.1878234671081025,1.595976282104833,4002.6560816370225,7.866066446914291,2.614695545848905,0.1226861985105957
67,1,2000,1000,0.9,0.19999999999999998,-0.12704466353641447,0.11104021452089309,3908.386203585173,6.4755413751400654,3.2077129851237123,0.4417853191125414,-0.12704466353641447,3.532599292460519,4035.6230380314187,10.268785015783202,3.6444547482896104,1.029704802551028
68,1,2000,1000,0.9,0.3,0.34872962198765717,8.821622844210651,4180.55688346944,10.445505565238179,8.712972217648488,1.1713156565712306,0.34872962198765717,1.7578066726287176,3995.050279451105,8.620716971462997,3.9534384618520018,0.37100407948173536
69,1,2000,1000,0.9,0.39999999999999997,-0.6878910948927887,1.809970979523394,4061.9371041855256,7.584857205564818,3.0875498829078105,0.03282203992115726,-0.6878910948927887,1.2386924848912964,4042.3150098586675,7.6853655334092945,2.0938086414359796,3.4330211738669765
70,1,2000,1000,0.9,0.49999999999999994,0.22407412902956894,1.547131403877766,4005.237441258443,8.511848509011557,2.5288620415541283,2.5875950911347427,0.22407412902956894,1.266912212441202,3891.1034818180497,8.16865802674311,3.6262459901503754,0.07817850939610675
71,1,2000,1000,0.9,0.6,0.10735266882367299,1.208373865837399,4016.8055970647574,7.800024163521625,2.0938617184018886,1.148604836901058,0.10735266882367299,0.6746466969025648,3978.1913463974947,7.28152195417092,2.350495386273871,0.38137585451062195
72,1,2000,1000,0.9,0.7,-1.1872672365832735,1.6801176231334913,3943.2976309682863,9.128121129771312,2.9933137616354966,0.01618492654115614,-1.1872672365832735,1.9371940513722015,4074.671621123483,6.4286073908196375,3.531963094782479,4.131756478947368
73,1,2000,1000,0.9,0.7999999999999999,1.589724222519343,2.4796643305022235,4072.9395705336383,8.803651107005855,2.7424298898653015,8.729731785150427,1.589724222519343,0.6596395196972933,3870.1803092201635,6.14538176534329,8.537951583865715,0.00016171889810846676
74,1,2000,1000,0.9,0.8999999999999999,0.3580399971236183,1.3762200159261089,4084.9100591601928,7.027008572321584,2.320497565208754,1.503355682601191,0.3580399971236183,2.02853399286676,3904.965166159571,8.252775161485674,5.319164523683141,0.2515207280373584
75,1,2000,1000,0.9,0.9999999999999999,-0.9363118305208833,1.0026209133033734,3932.8692964349957,7.6664391349627365,2.6262202937378536,0.03313406012298581,-0.9363118305208833,1.4019045922989848,4020.9050608566804,6.691742552601529,3.327354950702063,3.42371480499273
76,1,2000,1000,0.9,1.0999999999999999,-0.054479500882517906,1.8990391603773846,4037.3850504086668,7.075254775254774,2.6413893623426956,0.8301039526476421,-0.054479500882517906,1.543150529220977,4008.331439370967,8.76863852394241,2.27467149581254,0.5727080491393078
77,1,2000,1000,0.9,1.2,0.8196432220765774,2.380276631199364,4208.7318665579,6.772468959406116,5.158554460838008,3.0517178680682724,0.8196432220765774,5.548240811814848,4002.502870249305,10.437804041059424,5.089874156542699,0.04843174814742763
78,1,2000,1000,0.95,0.0,0.09408593553776735,3.1233043061636594,3955.1395274177607,9.38846064717824,4.125561978700697,1.148604836901058,0.09408593553776735,1.756573047320143,4107.073228405511,8.304593911572535,3.285222590487913,0.38137585451062195
79,1,2000,1000,0.95,0.09999999999999999,2.501549343495157,3.72168381390252,4319.214647167204,8.043890897837903,11.188841550441728,21.48970824799753,2.501549343495157,3.6339131486294822,3843.1607063734705,8.385032083329985,4.775398704507558,4.646631969165572e-10
80,1,2000,1000,0.95,0.19999999999999998,0.35300367136929395,1.481536759238417,4062.5449774045123,7.590358956502843,2.472794243044818,2.9795254098261696,0.35300367136929395,1.46408172689265,3941.671492641701,8.048476126611694,4.732616582004293,0.052153606840564644
81,1,2000,1000,0.95,0.3,0.779475492853892,1.7250841083088615,4089.548662154699,7.538382077623413,2.874563285417371,3.1249312090911814,0.779475492853892,2.2436709204511276,3986.1762869668014,8.593850877921668,3.652060495213623,0.04493456056931348
82,1,2000,1000,0.95,0.39999999999999997,0.8516514426062567,7.445569112837039,3973.4695003950324,11.651270764642678,4.05903037083442,6.495367044163344,0.8516514426062567,0.9414336731679147,3838.307262381276,8.510552755434997,8.356286956234488,0.0015115625557171458
83,1,2000,1000,0.95,0.49999999999999994,-1.096432045520677,1.7514014761802845,3994.4442107733244,6.936219160368677,3.1122308913733123,0.007298852728392446,-1.096432045520677,1.2754857363870882,4030.6131142377417,7.131230519481016,2.2985155130305315,4.923685310319367
84,1,2000,1000,0.95,0.6,0.9289297834880518,1.7313230931008479,4088.624853544279,8.475977370531476,4.895152615137102,5.429589708662965,0.9289297834880518,0.557820344032954,3925.5144241028665,7.158519030492212,2.931583037277747,0.004394536363820863
85,1,2000,1000,0.95,0.7,1.2787633936771046,0.5154533675992867,3964.983812912998,7.823808549542729,2.42925442189495,5.561811125894172,1.2787633936771046,1.3499121394823255,3867.934993912954,7.557891172626593,4.723422254089305,0.0038492108033284476
86,1,2000,1000,0.95,0.7999999999999999,0.2957983624846766,2.397467214968359,4077.44340761072,7.016869795497544,4.554781310288865,2.4736213131141502,0.2957983624846766,3.0445742185299265,4107.200040796141,8.111833403015945,6.004711855343038,0.08804366018436757
87,1,2000,1000,0.95,0.8999999999999999,0.8070179853007959,1.3464264272405664,4074.6715651613754,8.25990273217058,4.192917332725014,5.094596513973596,0.8070179853007959,1.2765073550447323,3960.79222445204,7.848689627809062,2.5495700326446693,0.006148643642673951
88,1,2000,1000,0.95,0.9999999999999999,0.6760327539617457,1.3435393283042605,4006.7021098835207,7.400976771231477,2.0493940658888454,2.4362486053105297,0.6760327539617457,0.41384867007531473,3950.7051718323555,7.309463274254825,3.4823596032205875,0.09155452543104935
89,1,2000,1000,0.95,1.0999999999999999,2.8831964450958356,3.5022296664569788,4147.4669493680285,10.25377336358743,5.021184273366024,38.783161156659055,2.8831964450958356,3.147912077400242,3895.7519809893856,8.682469268937936,3.823624075650008,-0.0
90,1,2000,1000,0.95,1.2,1.3710241792891729,6.2073939034306695,4155.207839292543,10.85757749887448,5.480373855227043,6.457932708181614,1.3710241792891729,2.8139480689441574,4121.873235854712,7.2105294897599554,6.994922390990691,0.0015692645976642843
91,2,2000,1000,0.45,0.0,0.3931034545911764,1.1449055841546438,4013.002590351749,7.49735406195972,3.0149959118043332,2.406647610877574,0.3931034545911764,2.697247267365722,3949.782111470565,8.588574065412613,3.7592761916772948,0.09443914447902305
92,2,2000,1000,0.45,0.09999999999999999,3.537628153251197,2.191887391368473,4176.951460585245,7.149128378661588,7.42338851007746,39.47812824192218,3.537628153251197,1.9722289701174287,3855.019972651905,9.343882786248473,3.9273062695974623,-0.0
93,2,2000,1000,0.45,0.19999999999999998,2.250720468069146,3.6287236558808944,4223.145187995972,8.248023428068727,8.406811066822128,16.073071740501,2.250720468069146,0.4080408333008392,3890.8466920054125,7.010233683347677,3.4761550104689296,1.0460529257012451e-07
94,2,2000,1000,0.45,0.3,5.152609544763795,4.268737898661298,4262.31742736956,10.221930714281347,5.99640974564409,71.08689224486169,5.152609544763795,0.9464104436643911,3913.1008817345737,7.732843504090485,3.044949038944434,-0.0
95,2,2000,1000,0.45,0.39999999999999997,5.5138584560703725,3.185882781922417,4181.292721293745,8.304170231563294,5.05967035167261,74.35411156098849,5.5138584560703725,6.475482251323959,3803.7029026356163,11.383013077548354,6.661409889367847,-0.0
96,2,2000,1000,0.45,0.49999999999999994,5.90842120284783,5.2499783017845285,4381.406749543921,9.784575640745858,11.281886374097057,101.655423684786,5.90842120284783,1.1228639307353543,3886.286977508299,7.9841709404788315,3.31637052145693,-0.0
97,2,2000,1000,0.45,0.6,5.019871361212066,5.1414144246136395,4229.307372959042,10.461194161595795,8.403451675274408,71.55159681274385,5.019871361212066,2.3110949272060988,3912.9971436253613,7.5734005084174685,4.071028627700618,-0.0
98,2,2000,1000,0.45,0.7,6.360150348431312,7.652922188999076,4347.727757479177,11.351566963567958,12.064713174197362,104.09686944314376,6.360150348431312,1.58055098121519,3906.3903889374214,7.275786796089429,3.511543298159532,-0.0
99,2,2000,1000,0.45,0.7999999999999999,6.206302256947256,7.945811168987474,4225.961290910005,10.620985101101233,13.944571217065175,102.90713730373305,6.206302256947256,1.4772472118308488,3955.601138544635,6.877024951695613,2.48621920293015,-0.0
100,2,2000,1000,0.45,0.8999999999999999,9.996233243463635,16.76517400798792,4606.985248415445,13.246586185363956,14.50213108415419,240.10376295436848,9.996233243463635,0.732327205231103,3757.8454470991683,7.530895274495163,6.019178412561697,-0.0
101,2,2000,1000,0.45,0.9999999999999999,6.284971331633533,11.922501684824942,4386.87492436114,11.740633134758223,14.50831148289535,103.486456721456,6.284971331633533,0.5905972371908907,3853.880884181854,7.1074916255969605,4.43890809954613,-0.0
102,2,2000,1000,0.45,1.0999999999999999,9.262068935256979,44.71604602792159,4464.293287186786,16.63885406211034,14.508367369221604,196.00521859285507,9.262068935256979,1.755681752901367,3858.958113964834,8.458950897627926,3.608768916967964,-0.0
103,2,2000,1000,0.45,1.2,9.717078465404049,17.822136627054984,4528.263017025109,13.159994179018307,14.508657705580983,189.9789643721377,9.717078465404049,2.3735844496068323,3853.380920985872,9.049081843916465,8.63355800892906,-0.0
104,2,2000,1000,0.5,0.0,0.22678726395035143,2.4332938694819553,4030.265369479737,7.436996870306047,4.513656021160611,1.704202906297964,0.22678726395035143,1.5765266288570519,3922.182795912596,6.50567125792588,3.7034803048806366,0.20079188826821978
105,2,2000,1000,0.5,0.09999999999999999,1.315989208298935,2.873334793546566,4135.842178268642,8.372246137733116,4.542941819286223,8.765935247463041,1.315989208298935,0.02785485125706554,3879.3460283974127,6.218592480907293,4.21104313679493,0.0001559683798877823
106,2,2000,1000,0.5,0.19999999999999998,0.8159921040864195,5.709767566106117,4046.1606480745295,8.619695245304705,8.457937630321819,3.702878789140146,0.8159921040864195,0.9930263562926349,3990.1873689385247,7.83268381795163,2.506282815142584,0.024961415089323966
107,2,2000,1000,0.5,0.3,1.780475315128189,2.6013127156377847,4090.058109334889,7.720415899258025,4.451690876017809,14.216918826451908,1.780475315128189,2.6751705555368046,4029.3723720231455,8.031627915727345,4.709647517809429,6.693769438633909e-07
108,2,2000,1000,0.5,0.39999999999999997,3.3210227143282043,2.991752226524942,4168.456454846504,7.083762215280568,6.138448527028535,35.97854132007518,3.3210227143282043,2.1033292015967944,4039.368983962845,8.07285092261993,3.6247524192814033,2.220446049250313e-16
109,2,2000,1000,0.5,0.49999999999999994,4.260108156775011,3.6839094710029068,4224.463155943554,8.536379026379493,8.543149776536257,49.45709523307531,4.260108156775011,2.3294271314805237,4016.5214737293304,9.587222048340315,2.995300242467073,-0.0
110,2,2000,1000,0.5,0.6,5.173110657585388,5.93969200168465,4339.559155928287,9.397280255991902,11.440789687252705,89.59022842022883,5.173110657585388,-0.46592636376138036,3813.655462064064,7.139270857697172,5.670597105406224,-0.0
111,2,2000,1000,0.5,0.7,4.868586591992665,5.1947097345856275,4321.648447718515,10.966472692955115,9.723717201478486,69.19791233538567,4.868586591992665,-0.04649448347844535,3850.608166929723,6.609035206919151,5.463182779967082,-0.0
112,2,2000,1000,0.5,0.7999999999999999,6.284456403886793,8.664695811152288,4388.048455924302,10.33418950703666,13.72867674925522,121.48606392248057,6.284456403886793,2.93842235002605,3881.006623501238,9.955988052201262,5.834538569944348,-0.0
113,2,2000,1000,0.5,0.8999999999999999,3.9136420396570477,8.141561192331713,4161.501363186217,10.755301829011737,8.131361376675809,42.952581219374835,3.9136420396570477,0.7026928349308158,3825.1108232059173,6.105862069086252,5.273875842297703,-0.0
114,2,2000,1000,0.5,0.9999999999999999,6.584249804835868,9.51696012836693,4215.044081183343,11.470651783998203,14.318002366062005,125.6105883554386,6.584249804835868,3.167866373298317,3896.203415450782,9.63433665688628,4.482233118601348,-0.0
115,2,2000,1000,0.5,1.0999999999999999,7.183007984781897,89.40890432932459,4384.154631458163,16.825891403500783,14.50865384315492,111.11806094854379,7.183007984781897,1.1223276747693325,3904.1412792769543,6.506365607722673,3.68270485367376,-0.0
116,2,2000,1000,0.5,1.2,5.223030029815351,10.564090588409188,4190.77664194208,12.333504229973903,9.835854117865374,91.84246711906493,5.223030029815351,4.211330204267286,3961.5781484360973,8.30330730401374,7.153467545163272,-0.0
117,2,2000,1000,0.6,0.0,1.0351363718526103,1.8865169699968087,4092.2025074918406,6.3115478305489905,3.7220687309460883,8.09373191618955,1.0351363718526103,2.539320834350972,3916.226531793566,7.647353788364606,4.493730326303795,0.00030549438082670086
118,2,2000,1000,0.6,0.09999999999999999,-0.14293708583666156,2.9125796032492985,4113.992606564775,8.051638703003324,5.828081862654943,0.6710724617422236,-0.14293708583666156,1.3822366514700608,4006.1265776411383,7.376309031019376,2.836377014538767,0.7157202134226741
119,2,2000,1000,0.6,0.19999999999999998,0.9975275471433356,1.067667402514562,4013.915378407717,7.773420094158921,2.4097470573948296,5.390625052326745,0.9975275471433356,2.294508152603381,4076.9674713207496,7.6561735139886276,4.406929258363281,0.004569547251247168
120,2,2000,1000,0.6,0.3,2.817811715896802,2.7192181607365393,4184.147466746443,8.884483419133177,5.3787629332263736,28.504857330661007,2.817811715896802,0.8145929227455,3844.4460496844085,8.229601820935901,4.087923074504489,4.1733283495668343e-13
121,2,2000,1000,0.6,0.39999999999999997,2.491831536323105,2.301774429122511,4055.8009996830046,8.911784535499478,4.061403020047809,18.42666903063985,2.491831536323105,2.9325466365794086,3997.619511923867,9.952679597462852,3.7492505821191306,9.940296080146279e-09
122,2,2000,1000,0.6,0.49999999999999994,2.828398554322294,2.0069918092097367,4122.625379671277,8.392860410630364,3.533533836889169,25.796669023903235,2.828398554322294,-0.28752677263845705,3738.1337383526834,6.968327243252895,7.448881637933818,6.261102747393171e-12
123,2,2000,1000,0.6,0.6,3.8983120320102795,10.229168179565157,4130.951835890748,12.270229960301881,4.673957227597317,38.11262970142256,3.8983120320102795,0.880047654567157,3823.95806312887,8.454687234234166,7.470992476852865,-0.0
124,2,2000,1000,0.6,0.7,2.07313582803347,2.7987414029964888,4057.6089840525055,9.876093087384774,4.447712086211441,19.028789006334556,2.07313582803347,4.326712850111611,3951.1648506983056,10.629663999973943,3.052829399016264,5.4437972056246955e-09
125,2,2000,1000,0.6,0.7999999999999999,1.7930049355825184,3.559181272509069,4127.12597813153,10.221039537220877,5.610674229573496,8.590755114024914,1.7930049355825184,1.429132308345627,4048.4901685702507,8.62063832327631,2.5928603738648386,0.00018583298848805026
126,2,2000,1000,0.6,0.8999999999999999,2.13879986774064,5.546179553508094,4107.9501195300745,10.484592787650454,6.179286889709661,18.984316763506765,2.13879986774064,1.5464692248366518,4002.267833082301,7.752677673983809,2.72930497151864,5.6913590669037284e-09
127,2,2000,1000,0.6,0.9999999999999999,2.6087931696905433,8.85076526019007,4159.989721670598,11.242913142480088,10.748786876887054,22.175553863274597,2.6087931696905433,1.0686856335559123,4023.7993288068933,8.624250083515923,3.51638476531951,2.340342364622518e-10
128,2,2000,1000,0.6,1.0999999999999999,2.722826032767177,4.039496310623806,4104.867213957718,9.246188776643658,8.739546776140266,23.81687802209244,2.722826032767177,4.3463581169093155,3855.381006724227,9.082080264165311,6.154980287528191,4.533784459073789e-11
129,2,2000,1000,0.6,1.2,3.5940644041999015,27.994089961399688,4315.659830444564,13.731347050608802,14.508518594515218,35.96400447830593,3.5940644041999015,1.6321203444622088,4050.398282739156,7.340238760348672,2.8999627425636163,2.220446049250313e-16
130,2,2000,1000,0.7,0.0,0.15785792650317507,0.9270119168410484,3909.2481019184315,8.497486207659,4.202470065308613,2.3396434156144514,0.15785792650317507,0.8425584342936027,3980.2411800490872,7.909558058012229,2.205261264420865,0.10132643383753988
131,2,2000,1000,0.7,0.09999999999999999,-0.260569256377049,1.1159517253599525,4010.1024489099327,8.138749312803123,1.8959671191863317,0.6011420242801054,-0.260569256377049,1.749754591701906,3954.0683109195143,7.751232326670985,3.849561569680877,0.7944830009127809
132,2,2000,1000,0.7,0.19999999999999998,1.470336399673894,3.250634653901475,4110.182469140826,7.729124929516084,6.529451695864369,9.386451437217492,1.470336399673894,2.3929773195986104,4049.835237585681,6.74573862283894,4.51863715865343,8.385600053623095e-05
133,2,2000,1000,0.7,0.3,1.4358700761838585,1.3057594801219155,4069.2825336386604,8.228463473314198,2.979657581055708,8.14859762452886,1.4358700761838585,1.0347976896501114,3986.7475513733434,8.346902527882673,2.195439600081718,0.00028918236825949996
134,2,2000,1000,0.7,0.39999999999999997,1.4683167693983459,1.8195552914790614,4058.4784448679166,8.442238042360446,3.064396620724727,9.926829206970398,1.4683167693983459,1.5652987018244158,4010.990197316567,8.985543663031338,3.024739373052996,4.884762576301648e-05
135,2,2000,1000,0.7,0.49999999999999994,0.4278140594113488,4.1246074167890905,4069.4492818251097,8.714710079234807,5.381658608080602,4.390029306230209,0.4278140594113488,2.891897766261889,4057.7778985427713,8.568037107666802,5.7489375837903705,0.01247789191128583
136,2,2000,1000,0.7,0.6,0.6303190064099418,2.1323833405324484,4126.979500375627,7.76741733922103,3.9105152022883463,2.502286085762981,0.6303190064099418,0.5729228672081288,3877.79662999228,6.660107315607224,5.0065356013526925,0.0854463037482842
137,2,2000,1000,0.7,0.7,-0.3824421239951608,1.8991583229243292,3911.157667982593,9.291374072833287,4.221496856530585,0.16412233572662022,-0.3824421239951608,1.438548063612464,4048.038372366691,7.686029504372878,2.276316630037884,1.8880822601603258
138,2,2000,1000,0.7,0.7999999999999999,-0.40355024722050037,2.865738326942746,4022.5640533204623,9.914740911141667,2.362842748119722,0.107629216770009,-0.40355024722050037,2.0942937726174646,4085.8991115965396,8.762519182488125,4.628964614691357,2.282395123083601
139,2,2000,1000,0.7,0.8999999999999999,-0.40783476130661717,14.85222507625142,3919.590217355266,11.671137515711871,8.759073655106118,0.12429311669471446,-0.40783476130661717,1.0614443216149223,4020.6192805644087,7.333324642403143,2.310288552683521,2.1466156006274617
140,2,2000,1000,0.7,0.9999999999999999,1.40153670993968,2.749184124015821,4218.796341767366,8.835350566139118,5.360881491014703,8.580236392791887,1.40153670993968,1.3118376875689173,3967.606976406663,7.866908183504229,2.183104334325919,0.0001877982151641393
141,2,2000,1000,0.7,1.0999999999999999,2.2645646601753735,8.540917002549477,4133.871008791721,11.497790112438892,11.35099531965375,19.905619032165138,2.2645646601753735,9.087039769194464,4056.469677634119,12.03838719101429,4.443346258050875,2.2651631707124373e-09
142,2,2000,1000,0.7,1.2,0.56396320175026,23.686599615743916,4148.280348450335,13.93427573711175,7.710748016568749,3.534708740804212,0.56396320175026,1.426751835206438,3972.5099904771814,7.890763853316045,2.497674780490756,0.02960107164678077
143,2,2000,1000,0.8,0.0,0.17994818296012377,1.7497697959084046,4031.13320784141,8.288195031421171,3.027478504527624,1.535354432745183,0.17994818296012377,3.3471322421740797,4078.4784897217996,8.962056593022268,4.041049098635551,0.24255491385453787
144,2,2000,1000,0.8,0.09999999999999999,0.5801468682767583,4.069860415103332,4107.050212230887,9.00730215586506,4.820738811246799,2.0105703931919754,0.5801468682767583,1.9967148696629853,4046.008899364803,7.4016958927386485,3.3413195259310813,0.14376907097021233
145,2,2000,1000,0.8,0.19999999999999998,1.926193122069284,2.1131191746495,4040.608067182642,9.44245924308394,4.128084948697393,14.568348822549627,1.926193122069284,1.5620688874014044,3816.0463869235136,8.398670536168359,6.503675838554136,4.71027863291462e-07
146,2,2000,1000,0.8,0.3,0.9007745306728039,1.8693053178655468,3978.9914169603935,8.236505622343909,2.244911636422901,7.552101177760711,0.9007745306728039,1.6041595930690928,4041.8401971633666,8.448363139818461,4.257757931509925,0.0005251437005980355
147,2,2000,1000,0.8,0.39999999999999997,-0.1543886705470037,3.4559403876991244,4052.4750718092246,9.629902273526458,5.428355321010836,0.19501242601946295,-0.1543886705470037,0.3842336102127324,3937.8616388364953,7.489123578882904,3.366314956400501,1.7306141372262607
148,2,2000,1000,0.8,0.49999999999999994,-0.5732778906554007,1.3588940190937615,3954.9281423818707,7.417038179732846,2.72755920394898,0.09203470040512626,-0.5732778906554007,1.0596840034417137,3981.174664749763,7.410374042404779,3.4733853497518905,2.431254037088609
149,2,2000,1000,0.8,0.6,-0.25243694900593655,3.4436413371787453,4016.8198707188003,10.22453403581016,3.6439081775099456,0.27226742412529736,-0.25243694900593655,1.5244337833017636,3975.8721365283204,6.376974561433007,3.4033975548307662,1.4340174053695833
150,2,2000,1000,0.8,0.7,0.5982293427228371,1.3500300588492447,3952.5859799127647,8.8649794063423,2.5787587057296695,2.434384219518285,0.5982293427228371,1.7642495846853585,4036.970254493449,8.576314199953256,2.3397556090045013,0.09173345900956288
151,2,2000,1000,0.8,0.7999999999999999,-0.8001435928619693,2.40521170456586,4069.780839302595,8.335567110726945,4.456354342865594,0.028818472917412102,-0.8001435928619693,1.8369454627766875,4100.525592294298,8.290014122096792,3.331215485464611,3.5611133090680975
152,2,2000,1000,0.8,0.8999999999999999,1.4354857274366306,2.1984022352324537,4023.653651739256,7.096422632282342,3.9001158417810555,9.659655489445406,1.4354857274366306,2.1604921585433496,3779.701823660903,9.474832986995203,8.046968148113711,6.380853587957426e-05
153,2,2000,1000,0.8,0.9999999999999999,1.5688886101306845,2.506229059130608,4055.9039950960387,7.9831937795639,4.511096134696002,6.700226966402919,1.5688886101306845,1.173736832133371,3891.5520089282873,6.900836676720857,3.97318787440928,0.0012313904087964352
154,2,2000,1000,0.8,1.0999999999999999,-0.9062973042140509,5.198526569050248,4167.979926144035,10.967843653946483,5.596477228746528,0.005500468149913692,-0.9062973042140509,2.286251880460848,4165.943360547445,6.5853687955481055,7.009822454393155,5.2056710456439585
155,2,2000,1000,0.8,1.2,1.0054939808646226,1.2568759810594423,3979.8616760090513,8.250739233397704,2.193315396602544,4.779082507389621,1.0054939808646226,1.7493570921672796,3993.2584467917222,6.562135390333336,2.827720552648115,0.008439215989669301
156,2,2000,1000,0.9,0.0,-0.6374667890890415,3.5477523532702278,3844.816150013158,10.276238651147354,5.482785363868819,0.025589503925123786,-0.6374667890890415,2.433512206495299,4079.4420948954803,9.41505107507353,3.0201888421218857,3.6783404823274686
157,2,2000,1000,0.9,0.09999999999999999,-2.7955418803953527,0.155563544469803,3805.6914623231896,7.110589672767391,6.927642233104884,1.3322676295501888e-15,-2.7955418803953527,4.035701291026943,4116.703086991376,10.504058174860718,2.930432584178524,34.22529505206623
158,2,2000,1000,0.9,0.19999999999999998,-0.4940166987693826,7.969184022829761,4014.337448352794,11.78283259697741,6.912630859181604,0.05038692669720914,-0.4940166987693826,1.9402193796593372,4126.121956771818,7.238286251574079,3.6112786521885543,3.0131112089682115
159,2,2000,1000,0.9,0.3,-2.5445291353138346,0.864825861912431,3884.1118164706613,8.137265002265824,2.988372251589909,4.859446178785491e-13,-2.5445291353138346,3.120445164278372,4118.622118120465,10.056288472803784,8.598719549758234,28.35257516198877
160,2,2000,1000,0.9,0.39999999999999997,1.0915336419698114,0.6630696543164105,3919.371727048526,6.024909890726832,4.841330569428654,6.154785734180965,1.0915336419698114,0.5262779539673135,3927.5160985208395,8.121213143613039,3.2851797009779187,0.0021255532749922916
161,2,2000,1000,0.9,0.49999999999999994,1.297077860462442,1.2825275639422227,4013.4847057356096,7.546711895388275,2.7230308628693973,8.203925401423604,1.297077860462442,1.6357692451615973,3870.0264218507955,9.09397725690103,3.543036076647108,0.0002736149868959987
162,2,2000,1000,0.9,0.6,0.7546278767668007,1.1564752361826969,4005.685860185783,6.734686750040694,3.0488219539485373,5.593357286984326,0.7546278767668007,1.4574059003428876,4018.280841246953,7.470159465271266,2.569402009923738,0.0037294551105359966
163,2,2000,1000,0.9,0.7,0.9228633047007144,1.9952561360209053,3984.750398096172,9.360232427833882,2.7592078894885925,4.894465380015334,0.9228633047007144,1.1122352389273678,4049.679171881469,8.235715055632893,3.043861504019887,0.0075160864859433645
164,2,2000,1000,0.9,0.7999999999999999,0.5617227191891437,36.47919767765599,4046.771308178133,14.795887668987357,7.194693774939851,1.3086515843114392,0.5617227191891437,1.0825281047893445,3974.3204399559563,8.437394507386891,3.0247552016815504,0.31496301143550803
165,2,2000,1000,0.9,0.8999999999999999,0.7058716088388766,7.639854180935003,4047.3349513657254,11.701068683189737,4.108405210478425,3.8036015842428172,0.7058716088388766,1.8917976027394938,3877.1697399412974,9.286031316401402,5.053846384966583,0.022542530890265925
166,2,2000,1000,0.9,0.9999999999999999,-0.7852624591685442,0.9951516568901757,3879.6242183075738,5.903046530008396,5.469577328759786,0.026329225899260355,-0.7852624591685442,2.6135244749512005,4081.679909623945,8.469656495905657,3.225390945349446,3.6502114344690444
167,2,2000,1000,0.9,1.0999999999999999,-1.1811121468170618,1.570078998633042,3948.4757685001277,7.165543864468508,3.851408840020649,0.00018112655209465476,-1.1811121468170618,-0.0513000780877673,3921.3619337037485,7.549621502245154,3.638922194327033,8.616405150078663
168,2,2000,1000,0.9,1.2,-0.989041664934894,3.226675270202834,3921.3950986957057,10.112930273656524,3.8830787828695255,0.004709430810139068,-0.989041664934894,1.8921156486871642,4059.8087330978087,7.962153181074313,3.4457136566101787,5.360542016651766
169,2,2000,1000,0.95,0.0,-0.8802689095664127,0.7625400275284806,3891.415383470896,7.1108381268683,3.4825902552725223,0.0006863130693507164,-0.8802689095664127,0.8867602969888752,3983.418124496585,7.6963212112483355,3.5422716428144962,7.2845198019359545
170,2,2000,1000,0.95,0.09999999999999999,-0.3519470168694869,0.6804636691431132,3915.8177994000225,7.9192641601192335,3.7359045152462347,0.23106216223490755,-0.3519470168694869,2.4478548785040872,4117.328124825892,9.573814627788103,4.790307552925512,1.5783760023168207
171,2,2000,1000,0.95,0.19999999999999998,0.8440372440227046,2.4777586240941356,4159.38456309694,6.762277304567508,6.719351422997564,2.948347382427108,0.8440372440227046,0.539775335237232,3888.579748462233,8.046123622909985,3.4010305701932464,0.05385053500435859
172,2,2000,1000,0.95,0.3,-1.086134388952011,1.605010806483591,4053.1714207494006,7.403626649897697,2.7744424234345937,0.002171892909297938,-1.086134388952011,3.91049842447525,4149.209042677143,9.271557191364083,4.637002405275671,6.133241933145467
173,2,2000,1000,0.95,0.39999999999999997,-1.2148886252297069,2.0169389154089545,3958.5483665923557,7.011102520065364,3.344228198755662,0.0017666230191057356,-1.2148886252297069,1.4253243124113082,4098.852012665535,7.659739130693727,4.328236263786071,6.33956863503361
174,2,2000,1000,0.95,0.49999999999999994,-0.4533773423346996,2.9812308052372334,4151.881433943441,7.5831549520004415,6.003130837676374,0.25036435220868086,-0.4533773423346996,1.133537676454166,4008.748907715578,7.895882450899571,2.949353948820621,1.507409789415257
175,2,2000,1000,0.95,0.6,-2.2704372950168485,1.8731444185947672,3954.45678923039,8.211746919866604,3.0769766261899085,3.1063256750884574e-07,-2.2704372950168485,1.7030826440723124,4053.3705386677802,8.502233200589817,3.1262978691774785,14.984655233452838
176,2,2000,1000,0.95,0.7,2.074768410038689,2.118886635714504,3963.0446428860105,7.963372227888845,3.7503760023558232,12.32413025283329,2.074768410038689,0.7461652088249505,3881.785760251009,7.854647871410433,4.94728250599504,4.4432341646436094e-06
177,2,2000,1000,0.95,0.7999999999999999,-0.17581967794562647,1.1123021872149015,3924.4676148976178,7.8514852564905695,2.8295510895043776,0.1027514414971135,-0.17581967794562647,0.8101612870751178,3995.276012516587,7.916608728256366,4.798385245113051,2.326378245201178
178,2,2000,1000,0.95,0.8999999999999999,0.32739919164891135,0.27479264937256076,3954.1715950952566,7.110760202523681,3.884594606289834,1.4529231942087164,0.32739919164891135,0.7200670498488446,3970.7905177500047,6.6605879186178525,3.1217880604098953,0.266423766372043
179,2,2000,1000,0.95,0.9999999999999999,-1.3164343959696718,1.4828210403771016,4058.1264084456743,6.988263952233111,2.258213460342354,0.0008299757839348271,-1.3164343959696718,1.865505867128969,4127.128424905723,6.92400232187158,5.622959104895404,7.094528992770855
180,2,2000,1000,0.95,1.0999999999999999,1.3363632961736658,2.5642088350450267,3992.075854873645,9.735840948713982,4.028075484420629,9.97867709320523,1.3363632961736658,2.783992694972918,3850.420052657191,8.945104113039633,4.454644042104181,4.637945840401744e-05
181,2,2000,1000,0.95,1.2,-0.9526105504469135,6.902613024241455,3954.9801632733715,11.505405975314483,3.9145320246481057,0.018573050691209087,-0.9526105504469135,1.888228997759744,4040.4613182428416,8.23911900864772,5.143139027650391,3.995315788613045
182,3,2000,1000,0.45,0.0,1.2586396818439736,7.408035758108545,4078.3848082281424,11.641510824009478,4.049355823409306,8.772521902906462,1.2586396818439736,2.4799458457021593,3918.3572134338415,6.951458455719832,5.908357125193806,0.00015494436643137885
183,3,2000,1000,0.45,0.09999999999999999,1.482339402954523,2.20574924981203,4097.167774414442,6.745869272921547,3.994433891837386,11.355121815692064,1.482339402954523,0.909594633841874,3840.445178369706,6.165719527052759,6.404145389416855,1.1709431134669523e-05
184,3,2000,1000,0.45,0.19999999999999998,2.559637711221615,4.598725076500155,4082.1840653698955,8.08048466644924,9.450075296160888,27.990985401445162,2.559637711221615,5.14403589919574,3867.7436272387595,10.942538960256101,4.833359607260497,6.976641486746917e-13
185,3,2000,1000,0.45,0.3,3.1331170396725185,4.894380446067345,4121.143518772545,7.545127664205308,10.87630010512845,28.473150420811564,3.1331170396725185,2.0550412254591284,4003.319147712019,9.402243969843163,3.176612808375483,4.3076653355465353e-13
186,3,2000,1000,0.45,0.39999999999999997,2.887672926308276,3.348562974152034,4135.530328431863,8.218135976361387,6.254049093795985,26.825272714082313,2.887672926308276,0.6859071104277269,3917.9874745451357,7.312306605567727,3.2944367109469948,2.238320639949283e-12
187,3,2000,1000,0.45,0.49999999999999994,3.343146947647939,5.701579862009082,4151.004980993405,11.141239501566119,6.831855327720639,30.709341589540514,3.343146947647939,4.036247109516412,3951.4411474925973,9.739296895380951,4.053877561147815,4.6074255521945057e-14
188,3,2000,1000,0.45,0.6,3.5432730024177252,4.046235767864057,4190.226612942273,9.046592386179752,8.091282968887723,42.87351028217998,3.5432730024177252,2.0585121283560883,4036.013161644096,7.885888188409374,3.5915817825771352,-0.0
189,3,2000,1000,0.45,0.7,8.435906574830643,10.228717471909473,4446.369401076302,12.256851521739982,14.460204299444625,176.79290317953914,8.435906574830643,1.5352639694185315,3869.9792557686937,8.136842399042843,7.719630941052684,-0.0
190,3,2000,1000,0.45,0.7999999999999999,6.451962110366956,18.36960468445389,4379.011484728734,13.428196517507763,14.434899402190771,103.90221835048528,6.451962110366956,2.8945356221753684,3815.05399211924,8.711410593871618,7.740474789102567,-0.0
191,3,2000,1000,0.45,0.8999999999999999,5.900496099014521,10.643200299426486,4285.699317313737,12.348167046961233,14.301081063502073,90.52871031742195,5.900496099014521,0.8520261036351789,3993.724102428985,7.953782003244244,2.757200814989468,-0.0
192,3,2000,1000,0.45,0.9999999999999999,8.854799371442828,34.4878481477253,4438.464100303663,14.480391745158295,14.508657667901938,192.23972493142568,8.854799371442828,1.5588350477270363,3959.479199717765,7.857392431266157,2.1211651453582037,-0.0
193,3,2000,1000,0.45,1.0999999999999999,8.181567666314393,23.896796023232383,4447.381637172132,13.930289964873182,14.508518085030293,162.2264493612719,8.181567666314393,0.6876837363714491,3820.356961918702,7.313972065505883,6.332603835750136,-0.0
194,3,2000,1000,0.45,1.2,7.530461994739841,16.866086439468116,4381.814961579805,11.856303084620805,14.508594964710102,152.23555003310463,7.530461994739841,1.8664670790270614,3948.1673862551406,7.675086116640496,2.503148468470628,-0.0
195,3,2000,1000,0.5,0.0,-0.4684505257437096,2.96529318541769,3993.765452478126,8.664546736098005,4.455397892082455,0.06257205931889437,-0.4684505257437096,1.810715617068526,3957.0081539811576,8.373291877766766,3.675591241161305,2.802559336312668
196,3,2000,1000,0.5,0.09999999999999999,0.5579940388186123,3.5591345399277197,3954.268780561111,10.281821561497317,3.241756273269761,1.9221978498234857,0.5579940388186123,2.06694702633666,3956.1660234983283,7.032762662438886,3.5606511276903525,0.15815797685531544
197,3,2000,1000,0.5,0.19999999999999998,2.8907920259831004,3.6084369775624525,4245.644163364279,8.492525900637537,8.235504524289247,24.64002604868016,2.8907920259831004,-0.04797387302309091,3836.990282385397,7.530248416046755,5.450705984471651,1.9905521675609935e-11
198,3,2000,1000,0.5,0.3,3.912675546224365,3.572698011367461,4255.972495282544,7.316286974318684,7.916059189739312,41.96231253810257,3.912675546224365,2.170583406696014,3944.1517908139194,7.24135222738628,3.757990980274835,-0.0
199,3,2000,1000,0.5,0.39999999999999997,3.079982485502955,3.4076074045768565,4124.571834069056,8.724417466431579,5.689603577408155,37.7718482626082,3.079982485502955,3.5550099120753313,3938.9645835634624,10.27980001920201,3.31256085016087,-0.0
200,3,2000,1000,0.5,0.49999999999999994,3.0814420767714044,3.597644153578617,4057.6471246194296,7.605964914167019,6.168408159532333,29.332626122971202,3.0814420767714044,2.52004918712056,4014.932857311736,7.893912005241795,4.4014590725396605,1.8240964294592986e-13
201,3,2000,1000,0.5,0.6,4.285159186268348,9.811218936388089,4289.856586954764,12.188411083879076,8.561554600832064,46.364247308986805,4.285159186268348,1.0555181212618387,3815.415650101299,6.736444014099121,9.65979253793806,-0.0
202,3,2000,1000,0.5,0.7,3.744622268732782,6.458673577582236,4220.384397553902,8.601204206894202,12.437158157537212,37.48181082361577,3.744622268732782,3.0633084025166752,3890.7139162993244,9.62072916227711,5.37368401578645,-0.0
203,3,2000,1000,0.5,0.7999999999999999,4.346653225169559,4.489369439300539,4242.831799753673,8.980706173610756,8.761480168355133,51.9872503354234,4.346653225169559,-0.01573307758261716,3863.20746264191,7.1397507797591775,4.540563405064086,-0.0
204,3,2000,1000,0.5,0.8999999999999999,5.398259223813362,9.978771810281575,4329.743223626531,12.221606870049975,14.258060054380032,82.52360524322742,5.398259223813362,2.712028066970841,3885.9253619815836,7.5351550556685,4.041659383424413,-0.0
205,3,2000,1000,0.5,0.9999999999999999,5.637776395478647,8.635989957086087,4284.835950525759,10.728141221804815,14.260807241389017,93.7400394315035,5.637776395478647,1.294747922477185,3927.082958147407,7.945115065579392,3.67089786970608,-0.0
206,3,2000,1000,0.5,1.0999999999999999,5.526763628132628,10.133028811403097,4342.144189425963,11.597804685311248,12.372721339066558,90.27911946115658,5.526763628132628,-0.0755208497655956,3765.7226433933715,6.564683301499239,6.212883142583151,-0.0
207,3,2000,1000,0.5,1.2,6.552291540809472,12.789264961839491,4386.827927650209,12.710228661627653,12.361781223634221,104.69601438493044,6.552291540809472,3.9253541644478327,3829.375923532685,9.161092724646771,8.662488869050598,-0.0
208,3,2000,1000,0.6,0.0,-0.4254704606000892,1.65605342347083,3875.7497181885924,7.9226578776070715,3.921839178997281,0.22602113897411652,-0.4254704606000892,0.8895935283490728,3936.9063063516023,7.5167845971741345,3.590271510703256,1.5980096589082684
209,3,2000,1000,0.6,0.09999999999999999,0.5670165237274423,1.7818835900347658,3988.620639269153,6.517807236559607,3.054902181078949,1.9257379924663158,0.5670165237274423,2.4356581821170393,4086.567555606368,7.03427336066609,4.621034881464809,0.15755262480719712
210,3,2000,1000,0.6,0.19999999999999998,1.5774006779813432,2.057718106123217,4124.511338268583,7.085934450840608,4.36123476855999,12.215879684313943,1.5774006779813432,2.162423601147516,3988.824014378614,7.741942566562518,3.715064435037975,4.951216724227464e-06
211,3,2000,1000,0.6,0.3,1.0123631281916625,1.3049299902771456,4029.0536524087534,7.525545494225672,3.4841728352000825,6.8164690521815325,1.0123631281916625,1.3290032834243812,3999.52214968748,6.8915123313606585,2.2114331093710136,0.0010961831347317136
212,3,2000,1000,0.6,0.39999999999999997,0.42762791013628226,5.7765348603569535,4113.294791936596,10.206973329311204,5.228859063090143,2.1684266773421723,0.42762791013628226,1.1371304244771434,4028.1691183695134,7.211480113787939,4.390235590247641,0.1214417918468075
213,3,2000,1000,0.6,0.49999999999999994,2.7681114099061204,2.0194422377248085,4124.426508848787,8.157883660787864,3.5925172522857953,30.72562850988562,2.7681114099061204,1.9250365527732642,3862.040675906093,8.613820049383573,4.011289173272135,4.5297099404707416e-14
214,3,2000,1000,0.6,0.6,1.3835664607250753,1.5410135958539408,3987.6120827028485,8.051435971906892,2.8002193732632072,8.456639390883273,1.3835664607250753,1.2030857371976675,4043.2070232891247,6.1822598160623885,4.135750660536874,0.00021250752913571757
215,3,2000,1000,0.6,0.7,3.2296212989398234,6.987098386872568,4170.604013916833,10.241952639288098,7.191589111346781,36.692218075572974,3.2296212989398234,1.8582077610412617,4098.926324597811,7.627443468213539,3.494259974126243,1.1102230246251565e-16
216,3,2000,1000,0.6,0.7999999999999999,2.337650803609769,5.615839788813547,4245.49765890508,9.618992768751887,10.506989981392513,17.17355189954264,2.337650803609769,1.0625988873976109,3862.3632554142728,8.61887820541112,5.645114440213263,3.480336068840602e-08
217,3,2000,1000,0.6,0.8999999999999999,4.461808281708499,18.021574289474255,4144.4209338993405,13.390169982978135,14.04567675158365,56.39337768356367,4.461808281708499,2.0625449020970184,3778.178249719315,9.407472669187538,6.377482624025343,-0.0
218,3,2000,1000,0.6,0.9999999999999999,4.989914701056114,18.22552014147079,4328.731562467301,13.412540619002769,13.700545754363498,71.89021820425204,4.989914701056114,2.0137953206924704,3924.5004846298034,7.869655016839099,3.5548559237350115,-0.0
219,3,2000,1000,0.6,1.0999999999999999,3.123007826846443,4.182755383668182,4153.9578921980155,10.15503765791523,7.254074586005441,30.88385756680709,3.123007826846443,1.9928260317529376,4000.3785992191806,8.386243746704224,3.743352615530975,3.863576125695619e-14
220,3,2000,1000,0.6,1.2,0.6258840587617075,16.71922450529834,4152.200742730038,13.24113585962508,8.349036813548574,3.228259105360232,0.6258840587617075,0.9270400632583048,3905.8832269993377,6.924892950286469,5.488548633869841,0.04043292876254747
221,3,2000,1000,0.7,0.0,0.1728236824280766,1.5315467546390198,4069.2294585432664,6.76422069363422,4.630641463929342,1.0784056085942562,0.1728236824280766,1.0924984907361028,3982.0469705119103,6.393402304444127,3.593843559793111,0.4157236560940613
222,3,2000,1000,0.7,0.09999999999999999,1.0914546179943458,2.1362522146633784,4068.8333362005433,6.70844950568689,4.152037481391179,4.79314230667836,1.0914546179943458,4.376012418147348,4014.3631541301083,10.421078450591745,4.3057056800710605,0.008320900963861918
223,3,2000,1000,0.7,0.19999999999999998,1.183979796264744,1.8393819525655717,4078.9628319443823,7.602625529547402,4.20161035829142,7.303570752167601,1.183979796264744,1.7237717960182917,3863.993025942549,9.161368373609141,4.988902503298613,0.0006733575494965879
224,3,2000,1000,0.7,0.3,-1.2338165721292456,1.7597329882646455,3894.4240128054143,8.604778700077752,3.531697272573093,0.00016211889351519445,-1.2338165721292456,2.8917295072100124,4151.181019014766,7.013762269938202,5.685349325781622,8.727261639676742
225,3,2000,1000,0.7,0.39999999999999997,-0.46715394003883864,0.5796386299126024,3845.92537568094,7.295951446152498,7.830286298593562,0.4461914439811814,-0.46715394003883864,2.1442098605843087,3976.6370559154448,9.19645542213639,3.7944364665752772,1.0218213299465928
226,3,2000,1000,0.7,0.49999999999999994,1.7209896167385734,1.3211833393870256,4016.8176452648986,8.840989369744186,2.598477255718972,12.437506186560782,1.7209896167385734,5.040108213051672,4117.714449210578,10.910192299353898,4.109355175546926,3.966984978389398e-06
227,3,2000,1000,0.7,0.6,0.23506751218455205,3.178903637863553,4071.0514732314396,9.157297027534321,6.077290133160642,0.690389261939236,0.23506751218455205,1.6556609263373367,4008.838497625111,6.805547847066517,2.7935040771576594,0.6959127263356937
228,3,2000,1000,0.7,0.7,0.15953206198327086,3.3274466500378366,4094.3009784649967,10.165430164143682,4.604905246372859,0.7978936934166193,0.15953206198327086,2.4757237046785083,4013.912539461796,8.628191172595379,4.418778732114743,0.5983396472480347
229,3,2000,1000,0.7,0.7999999999999999,1.4066653206624562,2.8983446246051785,4092.6922139038224,9.933331184444247,4.541117831677056,5.773649134889641,1.4066653206624562,0.6486877096617752,3905.8247349647445,7.249910325624748,3.1050046478555875,0.003113234935325064
230,3,2000,1000,0.7,0.8999999999999999,1.9663732959036853,2.246655771371871,4073.6865675842855,9.095696729042118,2.7444284478515972,12.499021952849352,1.9663732959036853,-0.08879006451586903,3853.1632374516234,6.25174882180094,4.078176746095709,3.7303067551963403e-06
231,3,2000,1000,0.7,0.9999999999999999,1.8180837771479799,2.904343595029829,4118.691640741877,9.692670362597342,3.947905420236627,15.94679643300614,1.8180837771479799,1.9562723162820241,3936.0814472616203,6.434139288945882,5.5832325244127965,1.1868458920514742e-07
232,3,2000,1000,0.7,1.0999999999999999,1.6254047476166142,4.393318051495237,4192.420657191449,9.585828746590423,6.463370833526535,10.14608850553509,1.6254047476166142,0.425901447066359,3881.2968804331767,7.2530493066501815,4.398180476138797,3.922999635718518e-05
233,3,2000,1000,0.7,1.2,1.2936105166882916,10.44078223391173,4060.01127916096,11.703901178240299,11.089356636966462,6.027833665110831,1.2936105166882916,1.458764609077972,4028.620205120229,7.208396991268479,2.7443743154497087,0.0024136211742769188
234,3,2000,1000,0.8,0.0,-3.0756842073774595,-0.28920320738963695,3775.998863513054,7.227849481010818,8.400076742364595,2.5535129566378925e-14,-3.0756842073774595,1.7270521851009184,4150.1386834867035,7.435922061284697,4.83404038409717,31.300730293414667
235,3,2000,1000,0.8,0.09999999999999999,-0.5062406062679814,2.2304896510298344,4107.587662248385,8.77624333031389,4.127822722765851,0.07302983047992116,-0.5062406062679814,1.1957557872493627,4022.729333081713,7.216278652026643,2.624013777989398,2.653179986534995
236,3,2000,1000,0.8,0.19999999999999998,-0.5138554232980994,1.9447673310488947,3995.907506231582,7.4631662156025005,2.968235875973547,0.2171732425376684,-0.5138554232980994,1.2528145540900606,4072.089611225719,6.562821905397484,3.595164932127944,1.6336821086020061
237,3,2000,1000,0.8,0.3,-0.7332891369253052,2.4173578580094395,4020.8020199727243,9.64388734205766,2.4195451496395832,0.07730120982746952,-0.7332891369253052,1.880861649108381,3952.624834310461,6.450939249271733,3.1605609207857905,2.598447311544917
238,3,2000,1000,0.8,0.39999999999999997,1.08212016947635,2.286578286112423,4135.059919945501,8.955281621441852,4.560778017044538,5.4320780542598515,1.08212016947635,0.4537533170334416,3937.2035146921394,7.09844149807295,3.3442569956594186,0.004383590859694905
239,3,2000,1000,0.8,0.49999999999999994,0.1770966032220684,1.0236706608649,3879.507978316533,7.567219265319967,6.810318550890673,1.2846957109984618,0.1770966032220684,2.8595953905906315,4075.888011669004,8.156623636339107,3.99170796355336,0.32397928891933675
240,3,2000,1000,0.8,0.6,1.3273556896508916,2.240818996303595,4055.4863347540104,7.818300984259033,4.094344818301901,10.748058979488357,1.3273556896508916,1.7236753511211103,3844.5179459320343,9.161295314990332,7.452053985860085,2.1487305569103745e-05
241,3,2000,1000,0.8,0.7,-0.6615390555309377,1.8277160411496045,3964.0630543287857,8.117187854975523,2.489068878919907,0.14514186227026857,-0.6615390555309377,2.6455217965612787,4120.226145551468,7.183627116198318,5.061410136133885,2.001736982860322
242,3,2000,1000,0.8,0.7999999999999999,0.10739471524657594,2.33598142875952,3980.7100634746776,8.759311342579645,4.318557762184213,1.0992929030014265,0.10739471524657594,2.8179062640422314,4182.40237363722,6.692360935966274,6.388796156492847,0.4051249745761731
243,3,2000,1000,0.8,0.8999999999999999,0.1323313066983076,3.1393689488714123,4074.0160905457437,10.004250351107151,6.034957588169894,1.1206590913553753,0.1323313066983076,2.1813165079617587,4118.470794527374,7.597834143328963,3.1246544551259228,0.3946213407708413
244,3,2000,1000,0.8,0.9999999999999999,-0.6889250037268958,0.9414450501839962,4023.055847913248,8.453143534395464,1.664742754181211,0.04961332330364913,-0.6889250037268958,1.3816005334380608,4062.926073053296,7.861652883627983,2.2225951410967,3.0281999683406844
245,3,2000,1000,0.8,1.0999999999999999,0.35622377223219875,1.7409870224234345,4008.0419531647026,7.768157825564774,3.058728863552781,2.228307023682581,0.35622377223219875,1.8525497817493541,3954.366248254266,8.244602955855552,3.4231553857958317,0.11396479027334812
246,3,2000,1000,0.8,1.2,1.9112979873952132,2.2019278077784965,4170.424553935587,7.670453022184247,4.6104586256457845,14.899319185272022,1.9112979873952132,1.5289108565205274,3977.5862018835346,7.5913352328563315,3.0480483717040316,3.383046500090672e-07
247,3,2000,1000,0.9,0.0,0.21319169519146383,2.5929958527481753,4143.309008109608,7.375148357653866,5.130246286687528,1.0970699078071964,0.21319169519146383,2.4618780070598656,4066.483809924075,8.140968852791351,4.454829330113148,0.4062371915589223
248,3,2000,1000,0.9,0.09999999999999999,-1.0039954997080074,1.904811499686325,4043.622133485391,7.334687089260717,3.4508046373921,0.002110824136131565,-1.0039954997080074,0.7428173839771891,3931.8366495379405,7.52391025690518,3.5896509172743087,6.161732048327583
249,3,2000,1000,0.9,0.19999999999999998,-0.225819930154415,1.779539021654601,3986.832959815973,8.318902873331988,3.595796242850473,1.1061897184107576,-0.225819930154415,1.822131420097309,4042.1546032312335,9.234975582577587,2.645393021805915,0.4016978165717738
250,3,2000,1000,0.9,0.3,0.39029456363775783,2.049880531174985,4042.5998937013583,6.845724010382739,3.7589075650722505,1.6442611311378974,0.39029456363775783,0.21536920137585788,3939.48390338694,7.649090617552225,2.298405406971261,0.21462397923214832
251,3,2000,1000,0.9,0.39999999999999997,-0.7086449138831249,1.3491748569439388,3932.9144318874432,7.000946156157068,3.1378338768320737,0.019536996262172316,-0.7086449138831249,0.9413697838821639,3948.998546197865,8.0261988856795,6.977935614435695,3.9451979609488257
252,3,2000,1000,0.9,0.49999999999999994,-0.5997761339930374,1.943519039493318,3993.337454973156,8.572267724562769,2.6006786419753283,0.1367155876337392,-0.5997761339930374,3.88127945866588,4069.2835820708337,8.523116998690538,8.921678697456153,2.057431630798265
253,3,2000,1000,0.9,0.6,1.526723529544565,3.3524728339420835,4169.014821697733,8.358953533716216,7.531916360906974,11.75938434052274,1.526723529544565,0.07446922810952895,3853.4235627823023,6.559664931544998,4.819231482036923,7.815665564624673e-06
254,3,2000,1000,0.9,0.7,0.9348996879687698,2.689440237735902,3985.053392310327,8.855888354263461,3.1872649610974353,8.956151774323892,0.9348996879687698,2.057178426322293,4053.5097929788744,9.132996231512648,3.66917350263582,0.00012894980986662328
255,3,2000,1000,0.9,0.7999999999999999,-0.5355160049470226,1.2766442881313995,4081.746328013364,7.53792928875532,4.031287073160388,0.015745860834743903,-0.5355160049470226,1.1897645048171803,4050.9749615244,6.626309365025759,2.651838860857883,4.159040352325955
256,3,2000,1000,0.9,0.8999999999999999,0.4477872944236494,3.4655892050964368,4248.483439552769,8.793155850545663,7.788936458099825,1.843848547174959,0.4477872944236494,1.9030001964598866,4008.8960113133535,8.419728624471077,3.035841605060487,0.17222159482772123
257,3,2000,1000,0.9,0.9999999999999999,1.8094907853016204,-0.35247017900249533,3941.444464247625,6.268222665842181,4.120100375003669,13.547444793219407,1.8094907853016204,1.7384127505510922,3909.6212563087133,7.523644734610866,4.318041372443188,1.307433974903736e-06
258,3,2000,1000,0.9,1.0999999999999999,1.2869705394490478,-0.013490832933531437,3875.5669351176775,6.991650009449669,4.785043630992967,7.566304957812048,1.2869705394490478,0.2230220760782742,3827.1228165187586,7.072500752808611,4.790706914168841,0.0005177354806545716
259,3,2000,1000,0.9,1.2,0.4522550666509581,1.8455192697095844,4025.0458079015507,8.619950655952323,2.8048731591314158,2.2446472195404525,0.4522550666509581,2.885815118376294,3859.9287696853316,9.926204353548975,4.345323145249887,0.11201026087869058
260,3,2000,1000,0.95,0.0,-0.7650007725216258,2.145506661586557,4087.580335488039,7.239555526121371,3.954122059886377,0.02116044549040808,-0.7650007725216258,1.2307520206920268,4109.22210528247,7.5092455999511305,4.351330959500001,3.866183184754322
261,3,2000,1000,0.95,0.09999999999999999,0.4114237177516701,2.0604579009386903,4057.718952065007,6.896697912947268,4.757504152898904,3.105714466291176,0.4114237177516701,1.6236154074874403,3883.5735025179993,7.084075583015548,3.3208911136468044,0.045826689211295166
262,3,2000,1000,0.95,0.19999999999999998,0.8137609207058466,3.668033566890612,4086.6142787856206,7.942356737811445,5.408957198535144,3.671830369124587,0.8137609207058466,3.34030567392023,3899.4324587747656,10.172045472858226,4.283812717639851,0.025758809060148297
263,3,2000,1000,0.95,0.3,0.012542603040813168,4.498201755076544,3992.9592978255514,10.700467323912193,3.1219922760096996,0.30221856335807556,0.012542603040813168,0.07669425758194992,3885.0524213160684,7.665277322822584,6.222600107961097,1.343911308579435
264,3,2000,1000,0.95,0.39999999999999997,0.6703829588893544,3.755275925404857,4199.559471967007,7.561039441138692,8.221206039299986,1.8574979856331968,0.6703829588893544,4.094589560434904,4086.4276755392884,10.530055377898895,5.346134477119154,0.16967697338641996
265,3,2000,1000,0.95,0.49999999999999994,1.1310652505346526,6.661717465214588,4240.254897000421,9.60985964747032,9.348755604723207,7.145657104876483,1.1310652505346526,1.1818365588088924,3947.904649021094,7.280268824892363,3.402191345043922,0.0007885909320974784
266,3,2000,1000,0.95,0.6,-1.4486358676827318,1.4391977154248647,3945.4750659146935,7.963507018762774,3.758439055717033,0.00048791711557475494,-1.4486358676827318,5.68875789767664,4030.114598677139,11.136991044588452,3.5505921588095823,7.625608960308553
267,3,2000,1000,0.95,0.7,0.5224770777820725,0.32383362269815746,3926.000344408373,7.221384421713105,2.492722369064899,1.725523395949114,0.5224770777820725,4.921669197134443,3968.324050231485,10.591369473254117,4.6862261449344285,0.1961119946261588
268,3,2000,1000,0.95,0.7999999999999999,-1.0234386625736627,1.9179956778813174,3928.900948706655,7.833206523332327,4.461733678216912,0.007887705275939422,-1.0234386625736627,2.0861196112790483,4093.7796759433304,9.04588895553799,3.6113589865575397,4.846391286288151
269,3,2000,1000,0.95,0.8999999999999999,-0.02366342341096059,1.2189813521728918,3910.5283212859717,8.557375081526585,2.4226346560872614,0.4863603368438709,-0.02366342341096059,1.101467057538124,3924.3089153041506,8.578346299378834,3.413396789681171,0.954148921253742
270,3,2000,1000,0.95,0.9999999999999999,0.06850281069629416,1.2993103268808557,3911.807253785147,7.059237647021167,2.228712218167837,1.1679089213851623,0.06850281069629416,2.6528719870268604,4037.2171714372735,7.831234925739433,4.115648210381748,0.3725381330332118
271,3,2000,1000,0.95,1.0999999999999999,0.6010791883452687,4.932010909893662,4220.368197431673,9.575899538558287,6.834475432377559,4.1695570987834385,0.6010791883452687,2.2032275565213033,4021.3548868135476,7.700187775812428,3.234119464103275,0.015579843385265373
272,3,2000,1000,0.95,1.2,-0.671801653580218,1.2386739806704898,4008.4801091009203,6.690435350435439,2.4870229288831154,0.014048760508537815,-0.671801653580218,1.057866778845425,4006.4655281817677,7.351547766342533,2.7449698976805954,4.272237263741698
